<wpml-config>
  <shortcode-list>tbay_title_heading, tbay_gridposts, tbay_brands, tbay_socials_link, tbay_newsletter, tbay_video, tbay_testimonials, tbay_ourteam, tbay_features, tbay_banner, tbay_custom_menu, tbay_products,tbay_productstabs, tbay_categoriestabs, tbay_product_flash_sales, tbay_productcategory, tbay_list_categories, tbay_custom_image_list_tags, tbay_woocommerce_tag, tbay_product_recently_viewed</shortcode-list>
  <shortcodes>
    <shortcode>
      <tag>tbay_title_heading</tag>
      <attributes>
          <attribute>title</attribute>
          <attribute>subtitle</attribute>
          <attribute>descript</attribute>
          <attribute>textbutton</attribute>
      </attributes>
    </shortcode>
    <shortcode>
      <tag>tbay_gridposts</tag>
      <attributes>
          <attribute>title</attribute>
          <attribute>subtitle</attribute>
      </attributes>
    </shortcode>
    <shortcode>
      <tag>tbay_brands</tag>
      <attributes>
          <attribute>title</attribute>
          <attribute>subtitle</attribute>
      </attributes>
    </shortcode>
    <shortcode>
      <tag>tbay_socials_link</tag>
      <attributes>
          <attribute>title</attribute>
          <attribute>subtitle</attribute>
          <attribute>description</attribute>
          <attribute>facebook_url</attribute>
          <attribute>twitter_url</attribute>
          <attribute>youtube-play_url</attribute>
          <attribute>instagram_url</attribute>
          <attribute>pinterest_url</attribute>
      </attributes>
    </shortcode>
    <shortcode>
      <tag>tbay_newsletter</tag>
      <attributes>
          <attribute>title</attribute>
          <attribute>subtitle</attribute>
          <attribute>description</attribute>
      </attributes>
    </shortcode>
    <shortcode>
      <tag>tbay_video</tag>
      <attributes>
          <attribute>title</attribute>
          <attribute>subtitle</attribute>
      </attributes>
    </shortcode>
    <shortcode>
      <tag>tbay_testimonials</tag>
      <attributes>
          <attribute>title</attribute>
          <attribute>subtitle</attribute>
      </attributes>
    </shortcode>
    <shortcode>
      <tag>tbay_ourteam</tag>
      <attributes>
          <attribute>title</attribute>
          <attribute>subtitle</attribute>
      </attributes>
    </shortcode>
    <shortcode>
      <tag>tbay_features</tag>
      <attributes>
          <attribute>title</attribute>
          <attribute>subtitle</attribute>
      </attributes>
    </shortcode>
    <shortcode>
      <tag>tbay_banner</tag>
      <attributes>
          <attribute>title</attribute>
          <attribute>subtitle</attribute>
          <attribute>description</attribute>
      </attributes>
    </shortcode>
    <shortcode>
      <tag>tbay_custom_menu</tag>
      <attributes>
          <attribute>title</attribute>
      </attributes>
    </shortcode>
    <shortcode>
      <tag>tbay_products</tag>
      <attributes>
          <attribute>title</attribute>
          <attribute>subtitle</attribute>
          <attribute>textbutton</attribute>
      </attributes>
    </shortcode>
    <shortcode>
      <tag>tbay_productstabs</tag>
      <attributes>
          <attribute>title</attribute>
          <attribute>subtitle</attribute> 
      </attributes>
    </shortcode>
    <shortcode>
      <tag>tbay_categoriestabs</tag>
      <attributes>
          <attribute>title</attribute>
          <attribute>subtitle</attribute> 
      </attributes>
    </shortcode>
    <shortcode>
      <tag>tbay_product_countdown</tag>
      <attributes>
          <attribute>title</attribute>
          <attribute>subtitle</attribute> 
          <attribute>countdown_title</attribute> 
      </attributes>
    </shortcode>
    <shortcode>
      <tag>tbay_product_flash_sales</tag>
      <attributes>
          <attribute>title</attribute>
          <attribute>subtitle</attribute> 
          <attribute>date_title</attribute> 
          <attribute>date_title_ended</attribute> 
          <attribute>end_date</attribute> 
      </attributes>
    </shortcode>
    <shortcode>
      <tag>tbay_productcategory</tag>
      <attributes>
          <attribute>title</attribute>
          <attribute>subtitle</attribute> 
      </attributes>
    </shortcode>
    <shortcode>
      <tag>tbay_list_categories</tag>
      <attributes>
          <attribute>title</attribute>
          <attribute>subtitle</attribute> 
      </attributes>
    </shortcode>
    <shortcode>
      <tag>tbay_custom_image_list_tags</tag>
      <attributes>
          <attribute>title</attribute>
          <attribute>subtitle</attribute> 
      </attributes>
    </shortcode>
    <shortcode>
      <tag>tbay_woocommerce_tag</tag>
      <attributes>
          <attribute>title</attribute>
      </attributes>
    </shortcode>
    <shortcode>
      <tag>tbay_product_recently_viewed</tag>
      <attributes>
          <attribute>title</attribute>
          <attribute>subtitle</attribute>
      </attributes>
    </shortcode>
  </shortcodes>
</wpml-config>