<wpml-config>
  <custom-types>
    <custom-type translate="1" display-as-translated="1">tbay_header</custom-type>
    <custom-type translate="1" display-as-translated="1">tbay_footer</custom-type>
    <custom-type translate="1" display-as-translated="1">tbay_brand</custom-type>
    <custom-type translate="1" display-as-translated="1">tbay_testimonial</custom-type>
    <custom-type translate="1" display-as-translated="1">tbay_megamenu</custom-type>
    <custom-type translate="1" display-as-translated="1">tbay_customtab</custom-type>
  </custom-types>
</wpml-config>